id,profit
5195,6.467801900001529
6540,-2.431043212782299
3606,-0.07001911073931666
8514,8.042807594464062
6893,7.417937181400767
1936,-12.664371105946913
1593,-48.62450638505979
8245,13.165451298750266
4178,-45.61617249410122
3369,17.481840343999195
5672,24.741069635407932
2238,3.9623556291407738
4681,4.75681869878872
1340,-231.0081310820123
8973,8.75637250391988
8153,55.861314496821876
6162,5.60135608183991
7671,1888.0912383147104
1506,77.00444178681393
2606,-6.926090909701614
8515,29.24330261613028
2373,18.838123512306378
8749,0.6066282736207214
8065,9.005550580819481
634,-47.69645842989388
6431,205.481506165493
9867,7.582441800438506
4724,10.180418834176947
6604,5.6568765800245835
2870,15.744689184390403
6519,4.2466968721091725
9438,4.808997311559867
1333,30.436048348964775
138,48.44745654308824
3265,39.19544687404549
8121,14.368439392778495
8082,20.673610923311543
690,-1386.4313534071366
4321,11.02676158382674
2980,0.8949098320529387
6667,593.9293005702813
870,9.58026237205696
150,65.13710320037555
2372,30.197695383017166
216,5.050323969911826
3558,2.6989709501352053
4473,2.513976519648324
8085,44.67843453494156
8769,10.040381942789736
9182,258.85918940526693
4582,29.503914369473474
3867,183.01077886164603
7818,29.87589855686991
6693,74.06252755214933
7197,0.6641852574419076
285,-68.27659583134552
1196,39.72914389160719
355,-16.717723214771247
3765,350.7945839691352
8511,-24.078227355870318
2056,23.891295347538794
6241,3.8904347518043423
654,10.083695267860872
5485,5.5140841679475905
133,11.084179579761706
927,443.176540774361
670,1.7038408100247509
6310,-323.9447758386143
5047,252.87112168646104
59,24.13981105803245
1030,5.87952395541366
933,4.732926026896063
6244,2.9045156858038794
2493,12.236349259339352
3981,19.13161960648563
5518,3.7368810921029265
1900,70.16000548142813
8182,28.156312354437162
3562,37.98618772728431
966,10.264087297799666
9328,-94.40280380536908
9562,11.828323450072919
7212,14.46701089563022
1453,23.29248200043689
455,34.38032848780578
8391,17.99200814130247
2361,5.921542369488066
8089,7.836907096825179
9459,-56.05728905721756
9168,5.858397705982469
5615,-461.64111302868133
6116,90.16547879658377
8483,103.37553817519337
1063,18.443306433669033
1541,5.177388841120816
1930,4.72658475964997
5946,28.597335749488845
1919,-45.092801486311046
9960,23.369479298481238
12,34.99596423857062
8200,60.72987577259633
1972,14.446526198134261
6069,1.9888287878942137
9514,9.260137777781491
3605,-39.21023577320976
2065,55.05373037027313
4602,11.615349843422106
5640,2.619353339275129
6387,4.926691442731528
643,-94.0819645448151
577,19.78507858589846
5986,1.8056677394985812
9429,13.442879360240504
4816,0.08212035210154767
8014,50.392908241831265
6691,16.82514365719852
4260,71.92752409977561
4932,8.957054501409605
9952,71.86277749515506
5423,0.37534689155960166
153,22.44948116314221
2898,55.037776837409595
710,10.966369434694048
6995,-18.01283743505231
8389,6.434534353407944
4975,12.237692465704189
4208,9.328822344143422
4967,45.91167055945175
7831,6.68465286227902
8338,7.352284659883384
5556,5.906651346358352
567,-35.85483300092922
7201,6.749525544651924
8994,15.282497854118162
8979,25.349182920926953
7978,16.506994947627234
5463,5.132489940958621
6064,41.216914686308705
9359,6.422786742262453
2347,19.05124416186046
1629,148.09231129158945
6625,27.58890552552484
9475,29.402103165076177
8229,15.18716020735333
5684,0.36610156982988684
1982,2.013902781814025
7683,145.34352853128485
2295,-108.15693489135563
1497,37.905711913398626
9907,4.110506423961695
7397,-37.570020304741576
8955,-54.78210616507377
6308,0.7724543651390405
3489,54.17645996240603
2726,5.160789184333275
903,228.3414654340216
802,727.2331801793815
1789,5.8206875470966
6416,5.567372143859032
8660,13.907150912757825
6373,4.610920783575974
4771,4.524532466085404
7994,25.19613906224398
7851,6.092391072256071
782,-225.63121957716044
4498,3.1876979508411907
1261,4.55547287521777
8222,38.45622010675793
3546,9.44155862579963
1114,17.885926967268947
862,8.849998179571838
9309,9.387981426015322
2395,31.781731125706386
876,30.050573486325142
6238,14.727873733473107
1330,-0.3237015302356312
7655,3.363007523062585
9517,1.1446671663846573
6246,4.963780709587738
5603,3.5141977641654094
5700,25.25149466851927
6795,-106.88114873969178
7749,10.016563718759432
8638,6.2339727906468525
322,-25.18013813546176
198,13.172629911567338
1125,9.220608255952225
4052,-58.53383777791217
8944,-1.5540624023909189
1147,-113.95926548038327
2532,17.683008829934465
4109,138.2494801701942
9163,17.05305977345446
6227,17.198684887010334
1524,245.65662204043178
9787,13.03973766908975
4168,-18.312516473229877
6766,68.91530243129205
3350,39.126690200870065
4192,-5.707536049954136
7808,2.710207330333965
2289,-37.32762019089395
8962,2.7446476112277765
2854,-16.420208049074
9410,24.32190657374734
469,-39.73107084346694
8772,4.772326778610488
7988,6.101896900070749
2650,13.691423352933857
6087,7.0914965090275786
4819,13.680225890989355
1772,16.308347467119816
3278,269.36477096429667
1968,7.109894463298197
8207,2.597432422277109
8456,0.5457625210856492
7439,59.204120207850806
2202,-345.7351969173795
6951,2.3455364918170147
4634,4.366640137535608
4085,4.5670107870871455
2351,7.37499966440048
3615,9.517380819401033
2456,3.0588120723701024
2933,-317.4675352756189
7330,50.30960841640713
2275,10.467208878070497
3861,4.459483235595265
951,13.813402756279526
5032,-37.93062413731214
2682,61.24302453575835
2727,29.549837067652934
4199,7.280239516402446
7139,-60.004453922605194
3530,381.87719895535224
7137,5.490008611721429
2259,20.023298408977322
336,-53.18865411007016
5222,17.772668242205853
3995,224.01491797165463
8492,2.6389030132765825
623,4.572265300968223
3180,-32.146009843820195
7019,15.621508012866979
7497,-2.4128401241528223
6936,6.53952309143358
6884,5.077637597875757
2959,24.58235680761802
3247,6.067001019417283
1535,7.180122480108395
3899,-49.8841329615352
4850,2.996176007161367
4367,62.31574698015446
725,-1088.2914798618606
7325,37.3295749026142
6737,-47.63805669120791
3523,6.57204263107192
3708,12.047676633039764
9756,-141.55107800278356
4165,18.463480420126068
4561,31.278643222298093
9538,4.348226078729098
6126,4.795275612380973
7643,3.0379568297956183
6913,3.331865834735588
6978,0.008943301732692532
9715,8.344538709565448
2783,-10.42886795163664
3971,-503.32759490690773
8372,-5.932715970245923
7666,5.496025934356766
5829,118.74916852104913
8771,74.5652996982225
4271,5.065705084318104
5285,-1.4592321929796555
4566,-51.900527342482704
8431,18.173877154155488
8921,5.425729295872024
6195,2.2911800048626034
8134,0.9293764239519078
4827,53.45502213787121
5371,4.2360249879767515
6352,8.436412635995005
8574,3.6151394600625437
9373,31.345114342433128
4983,395.8709610263395
6511,11.1570349943228
9741,-41.84309316403943
9833,10.244862918143962
8295,2.403551768225249
5877,161.4712597435617
3281,-46.573382316948965
2533,-2.7440076796411006
3124,8.896694634488501
8158,16.347050807395735
8789,18.475506704769018
6637,7.851412152689438
8320,38.20524063777268
3675,17.963873400743164
7320,57.990300967289215
940,5.495676360932702
7302,17.1975141919626
3641,33.312308979620454
9680,7.324489465808405
586,9.669083018188065
5209,0.7135050245126138
9063,2.866575041049977
8972,9.770961463701806
146,32.36770727503457
4987,27.863839090946474
295,1.2513559172980635
2424,228.9124536984382
2982,3.225512225049229
2371,15.233560490104452
5666,7.532529229115241
9138,10.871853083298639
6924,-1.8742742157206678
9357,12.26793969280293
8963,3.8189362892162606
5282,54.85172426200336
8721,46.32064785267006
5750,1.895788224058613
649,92.75584904388353
3427,22.778207045846703
7494,19.541659326164776
2648,-36.113258455896926
3942,59.38953707764812
6512,40.52123372976969
6289,49.850449068666464
4545,67.00055913633379
5204,-104.44629136043278
1643,5.309299667273823
9132,7.592403078271261
4106,-0.48920345634180507
4438,-0.6062713302984832
131,-67.7553650417369
4880,1.8462267518624742
5798,69.47981121115603
4229,-1.642182996398276
4700,60.95150876428124
1172,6.875122553992597
9336,67.17351423651867
160,8.515445463952098
6720,6.307939584686075
693,385.4636323375746
7857,-452.3011113736664
3271,1.6033682358348358
8559,8.032389691130604
8012,339.33739988183913
5491,15.164067582065897
9244,7.481671926751513
5908,1.3185699646083222
7449,10.509541706807124
5652,-287.2954209640066
3304,6.711815661864517
8728,12.96735175256508
8906,23.985245698201446
4572,1.8896743046249043
5787,-46.29355701233399
3080,10.940307546232038
2642,17.509541440560024
9581,16.379580828010095
8562,12.033029611877286
6873,5.725521418782979
1341,20.791545585711198
5179,55.6129739820755
9209,9.40582529767503
5157,4.63949692512961
6535,9.819543423388197
2458,58.39109200445965
2481,69.04063583135877
1187,8.277076337879606
6970,-12.327447054006335
180,11.304155431323093
7645,1.979767183891198
8829,5.841168488346856
8249,13.955646792628542
3818,24.707005446413483
7663,-343.5861438855286
6306,24.208678850259563
9134,5.916864504951299
6739,141.62582446006616
2036,1.9979275375386152
4800,34.51251833062965
7723,14.373939066402013
163,24.91543441152718
4920,8.871861919827317
9253,-1.6235050368874795
5357,2.6781884010445296
646,-69.9561239680285
9737,23.87641310751305
1445,16.341811787156537
281,3.6719546113428123
2579,25.704486098982947
8203,-0.8258264701584537
1612,-155.85290694541013
9755,9.89928868143797
6478,-6.978060651780105
9851,20.55055005382917
6114,12.7308304632272
4622,-5.794735336342114
5332,20.896168087997086
6774,90.77800454237784
5484,9.336337873982682
3352,16.82189867198722
1284,14.609004893093108
3176,-8.849814819276077
9483,-21.017807764555577
9759,12.582773770467181
1867,2.9608659529708135
5113,4.114856245585898
5631,29.17923552302112
9224,52.44792626717872
6785,10.204882074101278
9962,-0.32888066966456364
7276,36.19208720203032
9473,59.035235759314375
9799,-10.50512882003325
7096,4.125273315388455
5363,19.126156703124433
9987,1.2435808202283312
9831,13.927041647031082
4881,13.451147251797885
990,24.26942980627045
886,3.2277408259163423
3592,12.045389001960178
8292,65.40235481170555
866,49.196462436016795
6712,8.957054501409605
4820,62.942215920744474
4599,12.77731296448934
8851,-1568.1571266895428
9193,26.328922819112655
369,106.35701404469228
4783,5.073718399748575
3067,11.18578402375293
9269,5.8360360588478315
7422,-11.753614807797845
7589,6.94070903628225
3634,23.573665016013102
6296,3.326809539899031
6958,18.44491240971146
3317,7.377083298314027
6990,45.571172896203
3401,5.380546254225266
329,18.340346093108373
8208,-23.266601095983866
7798,31.099492244497377
2905,39.848387715124495
8147,39.70556457955904
2305,46.87052318993895
3728,14.324974899253249
9860,18.39540493573735
1139,1.2599237592051153
2404,14.604136035679595
6887,171.0373732292943
1238,-89.18949485768496
7903,152.65053118240607
5470,11.356442494612878
1773,3.23283599097104
9856,9.075130398589483
8818,7.064769342855552
1895,15.309816964168295
855,189.21451850224307
5778,-22.76195684707524
3379,615.8508386191024
2140,-106.13125667890705
722,-30.51994871983534
9542,3.120120302017945
937,6.187023116872137
8364,1.6827820833561873
5717,14.664242731576945
4894,3.7108921508626693
2602,5.427216791883673
4185,7.642813034852168
9221,73.26853430715832
2154,10.097734753351649
2108,3.1129326722480215
1026,11.315638707716293
8324,9.016634454839444
1666,-32.974262750310785
8735,12.237692465704189
547,9.741048172326764
9263,7.532529229115241
5427,5.603032300713636
7030,16.50198657869506
28,3.651228590464129
850,9.11974201820054
8582,53.84274548542187
2105,5.281333190771953
3659,19.894607430871275
4900,17.129302805716033
2020,9.911624286975801
9501,74.59018094858573
2496,5.973996092425846
2715,288.7859682142578
8992,-59.79504053515956
8613,11.622620609405356
4553,-44.36270065815981
2466,4.494239498386811
8070,9.84524129327303
8345,-187.76954531500996
4145,21.808052125747196
2166,9.662905077086624
7873,11.296258218657776
9819,10.957641015004452
46,7.066477162064036
8435,30.42292709950426
4725,48.604843460657314
5462,126.74046993296616
2304,37.258446662087174
1894,-39.12839846022918
2245,47.305613313970596
451,59.90804926246474
38,9.746413254849013
6885,2.509664325904623
6655,-1.3211920322101633
7853,12.043376951522625
1761,142.2610986532667
3703,4.436528627609388
5145,-178.4010490060392
7149,9.868027420727678
7310,5.8319120433894795
2185,78.72992977038439
795,3.965728265246689
2811,72.8903093164917
4218,6.767115189941006
8618,-50.207006957989364
3268,29.928006599422577
5408,8.440620025872622
9041,1.5754376671508723
1720,-52.492460724491835
5815,8.876976790648257
50,13.821298698961968
4756,5.054077109717319
5111,14.10399487081186
6186,10.206825575990866
8480,18.26561216070049
5716,8.96224853993926
9107,27.500896314265987
9958,-7.583729770138554
4941,49.77198348254465
9028,112.6094122782681
3097,7.317718156474019
6882,10.62240662720026
6791,11.742545132074344
7865,2.9646684332093827
6175,6.031819305155047
1090,15.964960473301709
1016,6.702912833233029
3815,301.4674015604949
137,-72.32903011126814
505,623.2437898627519
4080,-103.3411932875365
3375,34.948401853236135
9800,197.44397895341646
19,5.177388841120816
9724,10.588900461667873
1571,-43.646225083198885
4276,13.946131620024833
4046,5.201410852439121
7125,-25.27869606776308
4019,178.10696535689402
2954,4.546952833145127
4041,5.3468075093839005
9882,6.9179203033828784
9285,23.20031375681894
5977,56.97114178905463
2208,5.349716443533509
5675,6.620365282640893
6938,2.403551768225249
4237,20.447094030477913
9059,13.091620178506538
3231,7.794624959199965
6295,-22.062187539155204
2645,33.09731154423624
9775,13.18797754779916
9610,7.214620636371304
9276,-11.264012080213782
6285,-204.1330042474062
6601,16.973763060398046
3125,13.19568360178421
7216,116.01866291543085
3028,97.63038776575658
3316,-0.46430904807254336
4164,35.129730754342695
9082,5.627530111035231
2876,13.36908839365033
7002,-3.320179293868769
3164,38.382197971241744
6837,10.556427579638044
6742,28.575604674264845
6564,307.89012937819336
7696,435.247754734443
1222,4.960486698787175
3672,1.590622802450639
1075,17.602108113501416
3775,9.212929749542706
5528,41.10955752900051
5158,30.84390057342712
4745,11.970809080397121
8360,11.857157394936326
539,-45.789202964514004
5435,5.9139355906216515
8855,3.144530279483128
2847,355.9617622856721
4637,11.976246801683029
3517,-52.633025255276706
4966,19.605677105359902
7592,9.271223237805795
6055,-0.397052082199437
9594,15.524843691364051
9388,3.1512451497821985
811,71.28750120722276
3274,226.99179236531168
8959,4.894073670936638
2741,0.09139356293660938
8719,16.368924588450323
7832,10.055454258869936
1884,8.474816427655465
5912,13.258036635766299
9439,7.949424306706824
1981,325.54681931964365
524,5.459798964827485
8587,41.51794304056899
9659,22.09078579384653
4070,8.45833574646726
9288,42.33562636358034
2581,1.470436885642016
4726,70.81099676738368
5438,10.286595690238421
239,71.9055061487754
9105,-46.07786642952769
7869,6.349805633393565
8176,32.64064899562375
9684,-1178.3566932084757
8610,19.477941224043597
5340,6.399105426674158
9909,6.792742957569285
6314,23.74380320080819
2492,12.447849901711312
4600,35.426708855425176
1582,7.835608970386872
7998,12.34969339684691
9825,-411.87249562979616
53,40.06480592403031
6846,24.366107321688126
9345,12.404566133116564
4356,4.021506994602255
4302,15.923185896263337
399,6.479046268169558
1178,31.54440833417066
8980,6.921507596271827
3022,-4.657993375373223
2948,9.37758251587331
9582,-54.52631965883097
2386,-4.960322747651816
6456,99.36025418677109
9468,97.74690089712561
3308,83.64569517337284
3935,6.003826425368359
1235,3.878182456804673
540,3.93607262114179
3824,-6.5812258649055835
7152,6.323522477622159
9515,1.5599921624169397
1297,7.096710433816639
786,7.337770073082545
7098,4.316602320994395
6796,4.448511861700883
2400,23.194648220694532
7763,16.89481541532503
1450,7.0980770324752385
3486,130.87723825219953
7286,350.3535693438142
1668,6.7264608533014005
7794,66.69172706066617
1013,7.111761677943182
9126,10.866138623209132
8924,13.817678766617817
5832,7.405265399940863
3155,2.809786754024991
6212,10.771311132081134
9458,-19.093072780978318
4033,60.32299790779213
2611,12.491097699374272
2416,76.6865310597412
6313,2.476708358950731
7942,8.366158457520871
972,254.0340066734113
3013,14.197101250851066
1082,13.832081193169486
6616,18.598867376043085
5215,20.471944582596286
2214,218.96970526296994
6650,4.567218002060731
3224,6.025428894823381
6392,9.260447226304933
6780,-11.916524782125883
6155,4.3908184266832535
2688,-52.985945041216695
5807,6.898119834857411
9472,8.56720874694635
7849,5.613334520214057
9260,466.0774635530394
9007,7.906289812924594
2749,2.133449734824694
9988,-28.8892341345815
5361,-0.7125967389853827
4833,68.58884642550208
4013,14.9114907017589
4312,94.57453425800686
7868,37.887313777427245
5764,1.3723504120586014
8348,11.064780547550171
7192,9.372965708498484
2131,0.29346016906841754
7213,8.663702233520969
9826,35.238472946369505
6405,25.06943620330639
20,15.14556711344482
165,6.815101159773629
843,22.26297541522596
8892,15.826145075886913
784,84.64706831344346
9225,7.422525041076764
7391,53.41674150570711
5564,99.94977707736857
1446,12.599896635699245
7222,5.789489647197016
9141,5.510761510094895
9491,12.126851318755609
4138,34.31948428479693
583,8.398666892624579
4381,7.916763134493063
3762,-2.5235328962573504
4111,10.300486249314051
5086,25.697969214217164
6571,31.439346677454587
9573,16.846854374566085
7934,0.8906347248348325
1077,3.5484231401867916
9,57.50273135192127
4847,88.56743068061421
8718,7.442270681565983
4120,13.550797739062958
8318,5.256657375729414
213,29.516734130888715
3870,7.926246470225994
6812,6.7264608533014005
429,9.548295388277396
5495,1.9594370979392792
8989,5.704057597898718
2116,16.339577222959903
2704,403.9247517660864
615,80.428987173024
2303,16.654649429742395
5830,19.922981723007087
1072,7.766651903485354
2332,4.124117814895847
2423,20.28757822060627
3205,7.300210024218838
5119,3.300608916690692
9656,20.92035002404303
639,41.57884228540212
5143,14.109579045757101
5069,16.70022162783277
2190,6.121959934399953
4249,19.852588355369704
2725,4.147699965928233
3199,19.64415792689838
861,10.954086355206641
1389,19.59423952412406
2900,17.64343392043983
5613,12.795877461223988
6225,4.9524986506144835
9519,7.923118345445619
5648,32.947284167237925
9560,16.931459995627343
8281,19.332905639672607
1636,84.44945327322765
6807,13.530379701798427
6547,19.66978232787776
6178,-1.1520483028604076
5987,262.7601308773004
2117,5.6803412247221665
1113,7.352284659883384
1437,4.348055433711611
9750,116.22483445164171
8062,31.76348620276512
8433,10.68835239640352
7604,8.358021926441186
8712,1657.7002992048135
5073,28.85010255224291
5331,4.4826799779493385
8393,4.943871520391525
7977,11.529592505091124
858,2.150344157491446
1246,-194.03214520354365
2601,1.819119334616488
2031,14.04672258691723
6615,10.124782571993105
3384,7.758484220554912
178,16.56593731762003
1688,148.91906851423477
6989,7.05258161421607
647,61.30044390170071
4705,5.44888492818572
6210,4.286807969906096
225,30.412320418478906
7056,18.002039907439077
8709,6.076629284103479
1206,7.992912523742607
6278,1.9626776351026862
923,282.56663759252126
7032,5.166706524574437
7974,14.943657514707102
1931,-17.28453237217851
2254,7.780918557395307
6275,2.9858854566493207
7557,15.393177823037174
7389,8.640860748569033
7620,16.180226970463178
8138,347.8350954795138
1542,6.902209453323177
794,53.55762930776925
4782,5.246300485014572
6113,94.82627834383753
298,3.7653791428585635
9493,3.9018818317600577
4787,13.488648061559182
1037,33.82556178164874
1575,90.69798580404283
8119,43.5709805601904
6457,-4.6076424215071015
2355,-1.436642400548429
6945,7.285261656765439
7443,9.47548549287496
2564,14.42134182445609
9682,6.0828166671803565
1336,5.722462020576721
3385,289.6800500998154
8296,-35.86646686951458
9240,4.687528268999998
3753,0.5000862761724747
3089,4.19430110531637
3888,6.515865828634222
6472,245.03401851195613
1633,-190.49209533031512
3447,3.090688284129257
824,0.8070904438166338
1886,6.976910706531434
2457,29.111368918287102
7789,138.1073172519241
3806,19.511108055210183
5546,4.496356075378685
2605,19.553832875684027
5870,38.51348751197973
3952,37.88763295715126
9413,32.75730498422697
4362,-211.95072313313594
4324,-56.5180711121825
4609,5.793272199957588
1528,174.93202118904784
9463,22.874447624370216
3648,-73.87520436005498
9227,5.0337199406675595
5494,13.399814829329717
7084,230.0700543192204
1743,-37.80094799545512
3571,-1513.7399806132692
6102,14.048687413280742
9032,11.237504751039626
45,4.874873176753237
5766,-48.37548603470644
2128,-50.207006957989364
2701,132.00988754465806
7502,7.995204762910539
2908,17.236907213294895
9241,59.6831973745101
4617,7.532529229115241
5576,9.392245395964459
8621,15.352902576408045
4447,3.4911178078019063
8084,3.5716330241944334
3885,4.582721664012077
961,6.460007954730408
4918,23.829730287374545
100,4.305588694170666
8476,8.058515027869007
2508,5.617309395680117
6829,53.561753493462625
6634,17.02901501158289
7579,1282.247450933361
1084,3.4014945538593437
1438,2.010841382821205
1173,1.1273999662068093
3642,12.17140209945157
2126,-2.144498988366159
6782,-110.47766389674916
9426,19.62540974709811
1250,16.626892179792982
2359,4.21418629909229
4456,76.78734370299128
9101,8.321219432270038
9951,204.95107323568766
2633,74.73838621825814
3309,61.49694015532501
4005,-132.37351011642178
9421,41.327770238220296
7829,2.803401188299155
5166,9.309546144007225
4588,6.706028471643382
5348,-90.69220464471653
3256,30.016885617002423
4320,1237.7369108728212
2675,5.658404973429764
5277,3.353167432565506
2409,10.016781231450821
8145,65.38268078798654
2479,4.382309040828151
5887,-47.274611561642445
3720,20.447094030477913
1955,29.766330115536206
2971,4.214141911255204
4226,10.974852681356051
6809,9.353006041553126
945,14.916459016141651
5800,12.655797712455914
8074,9.904138982441474
3699,16.136871527078323
1649,5.046743168986762
3279,13.57599317059837
9530,1.5803965879413582
7520,8.30126353976841
9843,2.5469211287661295
2475,10.09408645927044
3236,5.138297290072565
7109,-31.507449693264476
188,55.42736372075842
6541,26.570715870861864
125,7.523943352454381
438,13.951581329913974
4691,6.2920197331738486
7136,10.805727700915806
1731,-46.35308990116887
1321,22.79107745728057
2344,6.885403206087407
3456,21.829207432840903
7260,26.166015033668927
655,15.448129663929343
5718,-123.20575787458148
3922,19.70650945248912
1050,10.860157915605374
4162,10.841104140180956
2777,9.755789750269223
1741,218.43845474508834
2597,-128.186919881304
3892,-57.258875217614886
6781,-298.49134320053304
6438,10.843701529742237
1723,-18.623981202313907
9623,11.553144476376374
1382,8.278504635207668
8956,43.20329938067657
4885,229.5154880531082
6821,22.393448741084566
4317,91.4571678626597
8128,-88.31680693430484
2463,4.217945336003581
7241,6.943157344263607
7629,120.67474131367008
6830,12.05602670464166
5520,19.336364270591613
9942,8.665240477707563
3302,9.267239466014747
5154,17.505009078088882
4286,9.74688608620066
2389,29.248280645186696
8661,319.30056925825335
8606,-91.76230222630804
9521,16.750128506286437
4923,5.0697441273355714
2786,-26.809532543129386
5060,-405.237202988249
321,-366.0824246016365
9321,6.063758976681935
4662,9.396527633843153
1711,3.9522451399499374
8216,19.419649808722063
1185,48.421110401099284
2672,54.24652395504913
6104,57.68517043275432
4319,5.735808321066383
7227,1.3484301462509336
503,9.65902931694895
5804,21.85805404159843
8022,-54.563475252844185
2015,4.115919875866894
65,3.2622834822850635
7419,8.861373517548131
6471,11.233318892771496
4210,11.573154222962557
4861,5.353034753243989
9018,2.3730347265683918
3000,11.515098254162446
1032,39.656204585043945
5942,4.3401308939267444
5172,85.05605295463339
4063,0.8070904438166338
2555,9.496306873698352
4089,251.14210367019766
8813,26.17915331893255
7070,7.874413598356341
4191,18.489382286588413
7249,15.148209055063116
8601,16.506994947627234
1396,17.026962015825962
1328,-10.930545973567945
1868,22.41770212486793
5891,7.9676932672195875
2970,11.102567706073668
5344,9.468988945088753
33,4.9831540716054725
4267,53.846895245700345
5559,40.3027750726812
6518,8.950807775562268
4247,124.98073024861282
8304,-56.52961362027632
5084,57.58656644340299
2893,1.5528425324172943
4667,-61.666751207013036
1742,11.063414400457987
4087,4.536836867755547
8871,24.133731444569456
1802,8.269114994666158
5278,11.451858066678152
4300,87.86971975938914
3024,4.758646958347352
7396,5.510761510094895
1813,7.974802148468697
2994,0.4055455697971979
2807,3.4881488070609734
4240,-56.25475464614415
3197,1.6033682358348358
2708,-22.71163625665524
2958,32.69051541813709
8032,16.539872709644317
5587,9.400239291484382
2219,13.832078183025793
3580,17.3712772873421
7159,6.7584349194417115
430,-34.112251523383236
1074,-345.40510301950104
8277,23.11316640241673
955,-46.6418901232753
3037,6.6649694466651255
8951,20.841713157250233
4640,-2.769763549824553
8636,13.17086511886425
2619,6.074632509888264
6094,36.521171655810114
2488,58.35105239359874
4108,8.928350632587673
3873,6.411668237741711
3092,1.023258887622731
4062,1.50565358652441
3519,7.367262967449037
6793,8.186541666323244
7711,26.41728358984971
815,-43.865656611896824
1959,-4.3031490801852215
7132,87.96445834414862
8489,149.6444713351061
1646,28.87021944086171
3940,-3.7974626112708734
3630,53.68229242855232
7909,4.613474140050176
7923,-458.67063087142645
4573,15.32873836278576
74,-201.46587540419637
6937,29.163590136584062
5127,189.17625957103107
8584,16.121079361131336
3238,4.4792666609725345
7174,42.136968839726975
5592,10.2112608213748
7284,10.245442553154525
9966,-324.2364926510342
7759,-1.522122781352735
2164,-51.706458921945554
2500,5.12326249850393
2101,-5.6528312336286675
2788,-35.47536947789774
4526,-252.36799805914399
2897,17.06464619571843
7779,12.851814891912767
9179,3.6411688384786984
4243,26.40539007935689
8745,-7.7910016092375685
3113,31.453424515527775
6334,51.813510735251256
2843,33.27427907795368
6959,7.022362180899766
6249,9.590512829720062
9989,9.161407977889606
1908,7.191965279060476
2989,223.5960698573299
1677,17.163503320048413
3214,8.723292966157615
9604,40.44405303318257
5334,13.368161763465583
5286,3.5912032064416977
2335,-49.9986232404932
4212,5.883278916526589
2480,26.45334598379776
9526,9.713948946087744
4004,8.760152265074815
2073,45.75198329756695
4129,4.286807969906096
857,53.34423450527621
2720,158.21234615811534
6803,32.777030646970715
9853,286.130721228443
8498,37.67434342116427
4440,11.23059852889779
8388,9.128483560535344
7764,-9.813388225135093
6468,50.715020875927074
1331,6.574758890556286
147,7.618030305335097
4296,8.01605644000741
3117,-59.96495877231861
5325,6.725863926105131
1607,5.627957680059101
783,7.354049081781426
4327,10.727229641552483
779,38.03635688162085
6700,-3.222538830403323
5955,-258.85517771878074
128,0.14427556966500532
40,-98.44274389024187
5291,23.750502463425555
3584,10.737119316747311
4399,24.376602367709175
323,-524.874349781586
5393,45.5314615210279
2863,-34.03453981293299
3223,12.946822430228675
2632,-219.40535538885666
3900,6.927807298413267
9060,39.305367346284484
2640,74.8036781126984
6059,9.527294227387479
9914,6.364176028590013
7793,25.87010621352576
3034,14.87319463797256
8040,6.799649965753698
1044,-46.88017880223116
9054,5.613334520214057
7313,7.586529094563232
487,27.071628573032868
5737,9.005550580819481
5188,24.202297287746266
7005,174.2387225530944
6740,3.4027820686044876
8627,18.08361602649302
6495,2.5264967638765725
7931,19.583106063840106
9312,6.040400616468133
6446,13.416589368345853
3646,26.891995717404917
3212,3.64432739135448
1992,22.872595149059208
3785,61.87915873265031
9504,15.950154954362429
5454,17.227676241406137
5037,514.1122296381614
484,28.840069177552433
9324,9.202664598299872
9897,0.3723152884579122
9326,-18.778083295666633
7372,21.573089504222388
6688,8.615944841468217
272,4.639780599621556
6,6.991234300786431
7526,4.976649605593412
1108,5.002444003034501
5298,8.506263537524983
6826,12.632525462524768
5504,50.452281678592406
2988,2.9336384421237653
911,5.04712924314499
2805,12.37584143330293
1159,12.092911920311824
905,-208.43368148983154
8007,5.3678746080275985
4902,0.6876090883405155
4552,4.974811617288886
4925,24.042844759618248
4989,32.3378587017403
6236,2.7357910202086018
267,-50.88716089361951
1056,5.227165589044329
1462,0.7422646153416537
1798,3.6604615133772143
9393,6.680845206508309
6589,3.8773567536362705
7850,6.592569840317978
3854,9.51469393188928
3102,-12.801581327932617
2547,14.770574851618694
6343,6.843302434834715
5557,161.37632194950686
90,287.95860990461256
4358,8.028717109605584
8078,50.276783513239934
3822,15.983890082334145
4239,-1144.2833882467362
5814,133.35234147250424
483,59.214394047506644
3006,3.3717806273379836
6088,4.001832398578472
2637,6.8401655695807335
4855,2.815658627838971
1182,18.813808801465303
6081,7.938745163836462
4179,-446.55435638798633
5082,17.838532483752676
2976,6.669964753282702
7899,11.888933358815724
8748,14.237809543008694
7364,11.681108239792916
8517,6.032843355020521
7984,16.48714087340232
1379,7.309481795532395
8520,11.061111854576136
2476,17.131376577252333
436,7.222680434485756
1216,5.371681379630925
4366,-74.64242078706339
8630,59.249280468242524
1644,9.805047500543118
5155,19.99932696282896
5884,9.455938667624562
9991,10.729924310380383
8088,387.8702747411846
9293,29.519954273426862
4100,10.13525758904628
8464,-55.37555643314542
8125,-26.581026760668088
8083,6.570351720135889
6926,44.664865599692675
9510,6.110928514753034
9013,5.752075336012997
5347,4.259277790840464
4480,35.09658131653891
2374,8.621696511976431
2791,4.6107088410361605
4287,3.8136392277546634
2272,4.705502560422357
6619,37.26285059002399
349,-964.6801513247643
9806,-353.3493941780334
3289,7.923464325992715
1737,70.30514373114292
1242,12.954644771239725
4439,69.66353600992073
7441,16.202785774971552
9418,21.598545937830558
7445,4.184244092397037
2505,-40.05227176047548
5400,2.2563124825032475
7777,116.28848345509107
8306,-1050.7738380601843
1879,4.256211910041401
7962,3.642884882761855
7140,0.29290624738666793
6208,19.326056416774072
5096,-237.19272949681834
9494,32.16735268851092
5653,8.569921101722858
9152,3.7267664867642694
5008,-50.940443739420346
3727,-27.559302001656484
6262,6.013792804527668
2133,17.96521796933299
6600,13.846007811342972
7975,118.25623157069055
5643,-43.78292327838075
3040,17.090314076691598
2345,38.275737677506875
731,14.998134527723561
6669,15.382314635438778
2135,-3.1507328321686927
3524,23.35111055361439
919,3.702943029462425
9422,-17.606598500256176
9120,3.8270976984846072
5192,3.6241297754122357
3085,11.195504855999005
1221,-2.2505571883155397
2931,4.747991440829313
8611,122.19269678716445
3858,3.124891534952134
8740,4.108345171561474
6048,44.86783386082584
9417,57.838776429020044
2485,-112.99065633453591
4105,-23.904550486358723
2329,15.741389090067571
7581,4.015021244408885
8210,-115.51796463424506
2410,4.5414236046196415
1714,1.430597194057654
3550,51.59465718375219
6850,62.35843947436685
7860,274.7532980117691
4811,3.386029466305473
3653,2.9292634275254343
5727,-18.652028769076573
2840,50.14535724933545
9698,6.124142988243417
3357,14.196397982743616
7437,18.683243440126894
5341,15.086052475638965
506,46.700114664050275
207,-1.146517785569955
8283,-24.676079735295197
2883,64.05906080553656
7757,4.763262787485573
1858,6.422786742262453
2784,36.73192259467464
5683,55.647848135433534
8526,-119.48470799182198
7221,12.26793969280293
1496,10.878641281482636
5469,7.780029616414865
199,-1.0405137426980104
9607,47.54998457716948
2535,12.343003231653235
8021,45.15544216368751
3407,1137.1542873374556
9207,-50.207006957989364
7039,27.96217126765281
9662,-2.9392661582496373
4014,-83.66104362549824
8854,17.99870903037303
2524,24.394979763751895
9419,-0.01996056448317063
1745,12.209720857532623
6626,14.684845901912272
7339,1.836562684160704
7020,37.423526543647775
4,4.395783159418809
3165,0.0262365787800789
5773,4.357623939321719
4254,1.4503481543830077
3088,79.66211556682565
5812,-66.42539762195943
6677,-5.387436086914853
8254,8.884948665848285
4520,269.37202794841915
3850,-19.798382519905566
9884,-50.87461042509548
2501,-7.244177536272787
1829,926.2201957987852
152,20.193626108669154
1156,97.17358544015104
4812,45.50186368212465
6583,12.059093163977728
9272,22.326808552663692
8238,-158.2543496747472
2647,15.12246831238146
7648,63.57732771921572
8264,13.956519675246383
6948,5.743022548155725
191,-240.2459700245455
5639,28.651884768159235
1175,-2.3359751116464977
6469,10.151142576849224
947,10.74860776297588
3441,16.24037655653365
6491,42.60601810103468
9004,3.6080547751000935
5789,12.106727471757981
3070,5.511296963546222
9924,35.340244398731016
5058,19.57949618599328
2011,36.54600243472172
6769,4.522345000198065
3253,3.1763516149425826
6151,12.477214939550745
7455,24.006401013599465
1556,2.4869975415145262
3640,12.288626713859422
5190,1.2644902144657522
8219,-0.8058045505731926
3170,52.76070258030321
9237,-68.4246941234458
3445,23.065808458591636
9474,9.67197728397501
2677,2.4869295610194087
1176,191.71322127867649
1482,11.928465210708836
9953,30.84219424605622
3781,31.58034073608689
7888,34.61645178818555
1563,-0.7694879739760765
3963,22.404348697249404
2823,2.01171496750311
5513,10.98662045452841
1915,18.017767769402916
426,-4.5684364136534725
2182,-96.95555154561555
5448,-17.362792274793733
7060,7.641884041813906
5949,5.044331283839956
8419,19.38632338507459
8622,7.178114850930399
5688,16.73021280952315
7424,3.7653791428585635
5099,3.1001858344546207
3010,223.92588942139054
4370,36.63748056169064
1015,4.137292176334931
4376,25.0395760844126
4733,-61.52773027572911
291,15.776925688449737
9034,26.77996390217004
7603,5.785800195578091
2731,21.032136939507588
2184,6.24138465754919
5116,10.834802347979533
5905,2.1805009544228753
9021,4.763262787485573
9537,14.997709138544803
3707,28.96049951252567
9554,-9.468138720234307
4359,6.962809115385557
37,5.843030547910221
2414,4.754453330373142
6605,61.880215199028314
3466,-52.05414859629637
2446,2.3211660365433815
7651,24.903272838634898
385,37.14208901877752
3303,6.537660648906179
6620,93.87866818826843
4124,0.6788786572449226
4420,41.897880368955384
4610,8.418058714842118
7038,43.301144665188865
9378,4.2466968721091725
175,52.83482211338483
6696,11.892393135312101
2588,8.888074152637245
8684,16.063501240760512
3480,131.2442119669372
4387,5.874032800721928
2298,7.830683298092964
311,2.0914225912126767
9310,10.908113319078954
1938,8.840871646378037
4547,2.8888735662626246
8864,-39.0835163483073
6115,7.286018807304771
8154,9.729652900575296
734,6.5465274425666955
5308,59.709175927427395
5151,-0.41180594486929323
1841,3.9018818317600577
9031,33.35613115802581
7173,47.66552971982968
4742,2.968307724126184
9318,-52.20035904595632
1776,889.3699483904704
856,30.75923612745416
2257,0.5897279370400454
9772,1.9113268666341199
7540,-1.0684938723514676
4652,9.334683271479918
8081,10.668142703163756
7250,-49.40664955759402
4621,-3.1727747632325247
6960,0.6432892579439908
9242,14.311227905669462
1454,7.679871358687034
9513,5.090987653631043
8024,-1310.700312557268
7457,10.658612690696785
5749,6.530389075930756
5071,13.027818232458817
3452,6.420402143370335
2763,53.91600445213747
2842,4.34151953279407
9839,100.79196485180994
6932,9.877255771927121
4951,-8.785166889519282
1423,49.37690414801605
755,94.32780062651705
2761,33.89351139391433
5968,3.036360937488155
1326,-313.75787405653966
8953,282.4907774520535
1181,-31.968578124208108
7326,33.22509794491746
2658,7.7178411143390235
4099,74.46062388194035
3604,41.484221614827874
6476,10.734085438501005
6084,22.77562850203761
3416,9.00870438359139
3645,5.999790489866928
2717,28.42296130146155
4990,-0.1730724674005728
6673,6.115998392084975
5545,14.988957426624143
1468,12.003032800855387
8059,181.8797369108883
996,20.565730597760165
6459,15.993402167133997
8809,39.509865714399304
6205,-62.69492953040131
243,72.91454402948071
2059,70.6808686795401
4748,9.803449762665466
1811,2.9169531521033605
9934,12.830602190174613
8960,0.2916195919472102
4884,11.397539053255361
1337,486.38384876404723
4892,3.4676891349451466
9740,-150.6866944261759
335,-0.521577996697971
6516,20.407203536686332
5907,-527.6592080903188
2220,10.433965212795812
8250,6.110998876639915
9540,24.20638639017905
9341,-28.764198595024496
2354,87.20416107449807
8484,7.262921633308206
595,2.6458958371253303
2180,10.799111291209897
5036,17.671037139347767
5703,-25.162756070705242
1929,0.640254738809638
2571,30.87376258783089
864,3.980037885650681
7074,15.606475646350646
4968,42.271568508511514
2698,4.202753174309805
1625,22.252904351409967
2236,-14.579783604616537
5777,-144.58208510062116
7587,337.12906211863475
222,5.278139022138692
7219,26.56007711448374
5808,10.657656600826417
3470,33.952960334960444
1954,54.641327913359575
6051,9.317329406511664
3671,11.935767674645874
1316,5.384201331335213
6567,0.9879056610247048
6603,-44.570060836825576
5780,38.026904572528096
7234,14.706124149601965
8557,28.61732620251643
5026,2.3127637354571107
5733,302.64331265704783
5690,37.910311692801734
2789,5.51240971595853
4188,-133.3210094618061
1774,6.13435358342225
3248,-565.4145049870016
1932,25.05965458606723
1433,11.059564904524926
4392,-79.00701762049178
3005,7.123248096967895
1022,17.485450684811447
3168,17.22640552387724
6544,2.920714762787462
2703,-0.7397867351555618
2915,17.437158415061287
6683,5.406819728334863
9817,80.05517503201014
5502,9.765579199772404
4768,17.908793432454516
841,82.14364526525429
5769,-122.16472474619627
4437,4.971248039468627
1073,20.261064900636143
3121,5.8285819505373375
9900,5.604199044858159
3362,71.38653865246408
3965,0.22682998283355005
1548,11.681108239792916
6002,6.641556588643262
9524,2.2204862561204237
7693,18.856114880025903
7337,-1.8078362959232734
2339,4.1637259403266285
6254,7.58557552443931
5028,5.63472390420489
851,38.43333333938815
5039,169.0577845772345
9346,23.51762951656746
9181,-536.7092232581238
2923,28.795482108392203
9088,15.7061043794445
5161,4.375126906643963
8174,7.480460457290334
6367,3.685051172940767
8478,6.338602080303474
1783,26.420393420823196
3094,5.821196298858187
3603,20.18139802243822
1555,-26.24700703840373
832,18.09489189424153
2664,1.9117795192636677
3477,6.8401971623040865
4272,55.05643851834863
3914,9.869825648547526
8880,14.617178678133374
3297,34.997952428134745
2435,0.21741643393215782
1815,33.526828906389184
8033,-0.21749743279734446
8328,29.732823788107815
4405,60.84902559529006
94,13.16763866509191
121,21.21494270908033
915,2.5330093259909887
2160,71.42244071881173
807,-1.9828621491679712
733,8.925715312653594
9899,19.855735179777383
1207,4.538038331316866
9771,34.98512906532483
246,7.187245907762303
5321,48.70617238368341
3210,-10.070458734543244
2873,7.573088241479141
9266,9.645363161714283
4246,-0.08401321786171678
6733,114.51594404930078
6584,7.0487084487218326
1167,-1.6212264783187607
8487,26.73136929790687
4669,11.613067966539553
7761,3.3691569090265148
2924,2.3564714106056783
2860,90.92241835824446
5221,-84.66165643035052
6345,712.1366161054517
5497,6.2146592586476075
1700,-54.734215305803374
3717,632.0978972423178
7898,150.07109564558527
1823,10.2997585022887
1385,58.38628334621848
2326,0.1979264497153963
5511,40.705899188333774
7936,10.716535766076948
8673,6.931393270661026
3945,19.164674445244245
5410,-16.387554618301905
6917,-35.85483300092922
6355,-184.5974731087504
4854,7.1124296811811405
9432,5.564303092150187
8191,0.9792377840052637
5845,-393.9901376600632
8846,5.97603201483307
1788,33.64881711118199
2323,7.667971108662588
936,8.62551613673973
978,-324.37026090700454
8344,5.735808321066383
9598,9.539599640088298
6194,0.45166563621474154
387,5.002444003034501
9290,-33.61455980935244
3802,18.886370430132207
4687,-45.358439644974254
7126,5.107649714513933
6323,308.0322129304301
1209,6.964737243186452
8768,-212.54453735476446
8036,32.88430100912517
7246,13.298493375975912
6801,107.74526531736656
5999,29.24433434994817
5776,94.81722893426156
5916,4.542895315049247
1418,121.67946723776468
57,8.920596978268577
3880,18.08337328315379
3075,16.866512961895047
1202,8.09163484805796
6136,207.57300717773683
2794,84.12581262013285
5819,10.836255494819635
3140,7.421394186349541
8230,5.186901793225584
4491,26.968325975472403
8987,2.403551768225249
4677,-17.57860815267835
1399,29.08366750520565
585,-4.512517205160407
8575,4.176986039874798
6024,7.759373751888404
6906,23.18496614951421
7243,3.6813704904803757
6775,26.709467298218215
7423,-4.17309843341198
3930,-0.7367907174568913
2151,34.62431490882847
6545,-16.252182999888227
2540,22.30235995973539
8852,199.8063695964611
3285,3.507508839490427
8402,18.696600658070793
6365,33.4218237169105
3150,4.3683080485579175
826,141.1211528852771
9879,117.95483521991041
7327,13.516976559316188
2942,135.46388877049026
7383,-54.58877962559623
6971,42.9877430321237
1223,2.7827945757225905
9174,5.840085768059037
4415,-73.05598171987901
3538,19.462051103469598
8802,11.385975852957
6736,-1.6227988953830916
449,4.925387274750317
1463,61.65867890930569
3736,10.047895991813352
9440,50.65513035705839
3103,13.805835604998713
7261,27.912411928858745
5176,29.53270609299857
6798,16.80858656549528
7915,12.016072424837681
1286,6.68198707769816
2268,90.43072156559583
7458,9.327652621102157
7155,-329.20089812868605
1071,6.524637934602499
7110,24.62583987598833
7534,6.577947650003626
9842,132.12849884324845
941,34.34346975377427
3082,-0.4097090286652332
2719,-1.2366399973248718
7468,5.163863168012263
1107,-55.84746335294652
9140,-3.243811164453952
5456,69.07696892405824
596,-66.39086691449478
9726,-77.18640265735885
9080,30.27171214426982
949,6.7680261683281095
1234,7.710667994961234
6964,7.043494063714629
5627,-44.12275873743724
1520,20.64108798906538
8914,19.773849811504576
1978,22.3936712224531
4766,56.04187112278386
7544,9.850384658801808
4223,11.744536712170959
5013,57.244557837671536
3689,95.93721541962161
8681,3.26039532419626
5022,57.94786873261285
2046,13.330358318974763
1489,8.368896054849628
6320,9.202159126295197
6213,-21.400216790303055
6408,3.172300423637587
1388,18.515344803015093
6835,57.28843354757064
5731,-665.0955060700794
9552,55.79216405341017
1669,36.9711842527752
4619,162.2888464340238
1456,41.24651295395405
4081,3.8682371051622013
8941,31.503884513884973
3141,7.245780400213835
1645,8.123845787290076
7633,44.66797869450153
6413,-6.382734774502495
854,-31.979790727464575
7504,19.502376272944456
9311,-0.19515991396025356
2820,-27.64020986912533
132,40.00003382990523
7472,8.336639809615502
2506,53.51943857935289
9445,12.133838874101905
2901,7.846964453062874
2662,8.907214902371322
6206,38.141039141507754
3073,4.354990002797205
7069,22.3766767253247
7855,17.478250685987753
1678,24.047021330599158
2129,19.22368921899928
5476,9.6075720973489
6038,17.525912291020585
1882,195.89216589912232
3467,4.4231130306672135
5674,84.39765519944532
3389,9.96722736018782
4065,8.632548942627395
6394,-23.630937963060248
4773,-7.021408869238819
7819,2.089213004495008
2828,126.898734649749
9015,6.737345587459014
7729,21.414074306906528
1621,70.0782524873128
2997,137.89241978882364
6350,11.656918264254251
7512,20.755170587914918
4810,16.942385677720907
6741,5.569284143569753
6288,13.890350556139879
1779,3.242537679796129
127,7.0487084487218326
6330,5.845455411318795
7863,15.150317330524377
1750,10.712465828985376
4318,18.70236288284036
6941,9.261933527764022
497,-17.602658746726206
9717,3.4832850664751405
9845,-7.5989754017379525
56,17.85084608408615
3594,18.028451285851794
9866,-267.83796264553524
3974,1.813882231636029
8674,80.54738818201352
5782,19.070706734163846
8430,41.50886504406763
9416,7.710686398545267
2700,10.926495127783596
5762,15.093705582113248
6303,28.313693404176846
7251,-0.5820417731632475
366,-50.361088324691295
6654,2.837819493068622
6999,7.05268872950861
345,5.899681432981399
66,111.62902782377337
8178,193.6775212572442
3366,-0.0007019253668261172
8072,15.030059765993457
1485,11.080889459381233
1952,75.91795150036415
8167,2.8120426585253426
3472,2.756109087216352
9986,13.829815398256315
7814,7.279689599754672
5840,16.549322297820165
5422,3.505605873668941
4784,-0.9887203548363601
6629,10.838377221041135
6833,8.845193907597334
3983,0.8386070869869542
6417,15.093307405585918
3668,7.968347492869718
7037,9.975612272935063
9160,15.924745709677897
5722,117.24466567519285
632,13.725109573861253
6517,22.032034190730116
9898,110.08112559137477
9495,4.965055979772277
5918,5.911785655863877
5105,9.014389130888464
4653,10.056981284094725
3300,7.352284659883384
6201,15.253345924308618
549,518.4201267462577
8551,-55.79499418451803
7948,-11.993113891708433
660,11.629161887780665
4853,4.841023142658237
2538,1.5938562466982162
4277,7.171787651399502
7841,-18.70313472081616
8013,-20.194888378240456
7097,4.180380568254485
190,47.865468996988575
3076,-10.990606820102492
9453,80.22116220723804
5585,17.68993662377944
9948,2.9868657531765166
3408,15.348847197046464
7562,113.48996741342788
4406,43.344007944433635
800,4.254436679491082
3410,0.9669508012046037
4980,-5.840565163420223
1343,7.706303607177144
8164,1.3104149731102623
5702,7.904612720720948
6602,215.57756370766265
4413,81.68825840414932
8843,14.132272683833964
1585,19.082622797047627
5837,-43.86725666930542
7839,118.5216375497728
1911,2.6909850159702913
8475,3.7670733530094083
2516,4.311292212340913
1338,4.415625115240971
4354,5.116605154740842
6611,5.713459358477241
5213,0.31188476086281014
3813,-476.89284927160315
8450,31.935821691107186
6597,5.540539191288989
2822,2.641390045889416
8554,4.986372257158116
9874,9.363621673312714
7133,12.406778150530947
2330,-9.235247205896734
2139,-1.8128987722869923
6806,11.762234901584392
1053,-79.50659031981318
5211,51.01958839824633
1672,7.911619165568144
5479,-0.4130528494294836
5171,0.2373966070356417
1062,28.51878666601236
4870,72.52112168975302
825,-40.44873756479275
5306,72.8417880844799
374,19.58986822954183
6788,2.0150498629449984
9492,11.254578584307307
5928,4.85666705144984
8688,135.54545258196816
4828,10.963558382416526
7516,42.8987029621844
4225,10.005888871922195
5236,112.5473142634618
2051,7.280239516402446
9723,8.957054501409605
35,19.20491500753826
9139,4.136160459668865
8930,18.993119648239237
7355,24.278867957837015
9201,19.697572282092292
1329,-343.38336145229005
9502,20.220860921235346
553,0.7370507663697055
9895,-114.18026166014596
9180,5.860450891849304
122,23.069739668382134
2377,-68.0985337451958
5835,-2.3831361126986366
1278,5.011215486550402
8553,34.91261475326073
7564,12.943450599528603
9323,-207.77891102630238
5005,4.863757488339239
5866,103.2278360248007
6082,-17.507600864942567
7183,-45.55947577584436
3773,6.831451815403948
7964,-59.40982017554849
7918,19.98704907987636
8308,9.811371193975926
154,7.4112689733720245
228,54.3122816759296
5831,7.458405980829269
1916,10.191041485170704
2200,-38.13015671390731
2498,46.89035500227909
5263,10.0565479850357
8027,-45.02187616845856
9765,4.323599381209153
3552,50.64333624933381
6994,6.616823313738472
136,17.999759683932346
7287,-289.796793929717
2434,0.32874865969431255
6070,17.45613994505531
928,15.564804304845811
44,11.115841772376942
9119,222.79463796783259
9178,-130.46619257556176
1907,5.598869595559552
9677,30.52796602103803
2063,34.07854168303913
514,2.978782978150626
458,9.12569868086102
6318,7.253809570249224
1579,9.81439847845246
3252,-0.5600559520644097
7736,88.31069988722534
7051,-52.9677613492875
7045,71.09192356548265
9968,5.524128132357518
6377,9.319436409128127
4964,7.21130054031806
4948,6.541285667648726
1658,37.39751332530577
8863,10.968181370791164
3406,63.480305376957574
5445,-114.68828653547519
7103,609.0131122425456
5940,-0.11602493212487275
5376,14.081890341563827
8003,-451.7540824243882
6645,1.4675328932230798
5168,4.626073195617995
7447,9.16756682567976
8352,16.930279081243736
5515,4.124611132134156
1964,30.353384108520785
510,3.151084567208329
3230,15.005280775913068
5493,39.21173570061461
6409,50.18801685945812
6679,5.531487696971158
4360,-54.01188700680723
4214,22.697019207114003
9666,-0.771192577568641
633,5.510761510094895
4006,-173.23834585992273
9569,10.574619923420762
2503,-3.7005278256711875
2201,4.655404689914224
5126,35.026791614881354
9646,2.776166310003802
6047,6.197404528038469
1440,44.00151537861846
680,47.05381134491697
5478,15.44869365808642
9115,34.31749484292881
320,6.5465274425666955
347,26.187264828448413
2420,15.619485961473018
8368,363.04745049183504
9360,82.97998014414986
4829,9.729652900575296
7611,19.566610245955566
8177,52.613774784899945
3435,-136.05465184977854
4598,5.044811449488506
4843,52.87044565707234
9753,10.612251708225546
6943,16.102694576190355
1587,4.062279997944543
3290,5.369205208343825
8966,3.240917664221442
1664,23.8316812201006
6189,38.3939179458583
1970,-52.383679367090224
4273,-43.16055428917274
7958,9.075130398589483
8889,-19.63214220094826
9841,184.8053014627122
1507,0.7370507663697055
9649,6.693557454807884
721,1.7775017113001041
4430,28.59401396562521
6376,-1.483394251699039
8358,16.71434002376438
1400,-47.21664247538894
1767,8.221939095542378
1771,1.4325186138750468
7838,11.334696917607232
4177,39.80787788128634
6638,15.351499709761928
91,9.202664598299872
3333,-16.866125959620156
3393,0.744269727826044
7035,4.982766502965635
6963,22.711352826630687
8350,12.825338301635881
289,-18.061804098007784
5969,5.677728913873878
628,-204.42269790382193
2019,1.5788788864990053
7752,-4.744270483383701
7368,5.735502173700787
4995,55.85256044099101
4023,176.48312218226056
6012,-315.42853939188547
6181,7.522722111311978
715,-34.41658027340007
7335,6.39821729270043
9612,-19.29336740310424
5016,45.407098070566164
3786,2591.583168663136
8746,10.569842329130058
386,29.402103165076177
4297,106.92116170694705
2052,-40.83423367835732
8038,7.6705076973653945
7075,15.753340039499957
3627,-93.14989934268007
8902,13.410807789926345
2227,10.734698079549293
4574,5.798193515894354
1092,114.41575748465081
4152,6.125606038554547
6432,-8.090966712412516
5055,8.088490420197825
109,30.30359148254867
516,7.09784682358784
7691,5.304097207770042
2482,5.246010898068668
7065,12.262985107602873
8415,-48.262196499510466
4017,249.7554869095948
2246,7.244339069575492
6344,-20.726994460828692
9452,2.724538678156911
5319,5.955999183476216
8346,7.737073236696276
9358,8.078931531500288
9943,9.595922992367253
7150,-47.24653995818733
6762,5.864689323703651
7640,1.2508076915104098
7480,75.49418742543443
1488,-51.69468289729561
5294,7.544297129381732
1608,42.68005571868963
5699,-7.5382108977190825
2885,8.830960209011007
3459,2.9292634275254343
6810,4.264016520807669
9202,19.14834396704849
3310,19.634529336495294
2392,-52.48527072153212
9876,-20.981362334615625
5558,40.66025745053358
3700,15.311674264133345
5568,41.788689608186075
3657,4.536836867755547
7800,2.8676633689626314
6618,3.702943029462425
6988,52.35938322359246
3418,245.64429799746796
2452,-5.189701438532445
4531,21.13123782822467
4758,5.484874451653113
9941,-52.78335282894021
6763,11.725916611930128
2824,25.19613906224398
3087,4.762765448360465
4374,7.314900424812432
3015,12.255670251505023
5391,11.15820217116067
7178,-24.174394845365384
3840,8.83493463517193
7653,16.344358623952385
2037,0.9683561879914677
7989,4.758646958347352
9975,-56.92876093970578
7806,15.095672496350343
8834,29.715140074552508
8993,75.15940029345131
4264,7.630239865554046
3754,6.121959934399953
8999,113.11638805897243
6784,12.771597278771047
703,129.92043759791937
5644,14.832561871417063
5671,9.937423459792708
775,6.332366067555892
7311,8.717980899693174
3237,17.375134566470823
7168,41.21256217233604
2815,15.668364187626715
8184,8.385801215900461
6165,9.646805198929865
1464,13.97482936841699
405,265.65557125581284
7017,14.84174740493637
6841,9.075130398589483
6690,-208.76917884974148
791,4.568357297769708
8423,9.546603496566611
2278,94.26745279313607
1259,-9.07079455765804
5818,9.075130398589483
1801,3.5302259755845
5085,40.773606248392255
2387,-71.41822858933297
5608,2.1613744330649
319,-57.357306201864844
3367,21.763246338338426
1309,6.972137251798525
3233,-48.02770255726928
7025,5.275725121913581
4972,42.25325082416313
7722,7.85907629418039
8765,-6.869472485550858
7937,11.242578368318416
8542,-9.02979737382961
4187,-0.024604409958584483
9923,-55.12515393446901
7001,14.026499540626816
6163,5.129455863854048
9645,70.76477075604728
2961,-41.082920954961864
6822,5.300778788104026
3272,24.159750062137327
6149,-23.577639394900103
5199,5.312850950118968
7153,32.224173205015326
2341,48.75863218129499
8995,8.460266568930962
6299,26.927431682774426
3909,-116.8252119989074
2624,-35.75098932763795
4198,17.749271056992566
13,5.428871500816314
2651,15.498073598572383
796,5.039270182087403
913,9.00245494652982
9252,10.443769147449625
1778,2.987211733277455
8405,20.35975057131307
9470,16.962451036412997
5359,5.026670126978857
9889,-46.61318458086272
740,11.246469923362366
5180,8.802939746909846
3465,-17.393873504307948
3332,45.43580034668548
5083,22.578933966073468
8700,6.723484866584823
1045,-13.224168457730038
2453,3.130624340512284
9036,5.116605154740842
4515,-3.8058513153940723
7342,3.5947927332563836
5439,8.791289274625516
8635,-51.80053376190028
4790,5.157626850832745
8937,5.9872326623851855
1896,4.789842847633899
2806,1.6495616268344477
6453,10.89254374686147
5847,12.762432578553092
3590,5.177388841120816
5853,-45.46301225728986
4786,-39.10691786421951
957,2.4887449416941863
3721,3.6540779106458103
6695,7.670212521025292
7771,3.042560622965219
1926,25.852540746983728
2841,-52.14374570684727
4146,48.985154300541495
4732,82.97998014414986
8770,11.808289633004552
9805,13.67201358157542
3852,7.539464507294987
7519,-21.94059031953838
9910,7.639847378788247
765,10.303573991433382
7170,3.504621643093124
7599,13.390213394009969
9053,-150.12650490176998
8132,4.219948962617792
1267,7.245780400213835
8853,11.655018402323822
5059,10.79988562020922
3286,-1.0521629429619068
3649,6.83536384845781
2607,29.395273079365044
4851,5.667414271599135
7872,4.550815070046518
1085,62.29681388138305
4329,26.612750121270395
3412,-45.07122690871506
5398,9.916146802765873
5018,644.9200454788128
9471,-31.581970938507283
1141,44.38043666313323
9597,44.53550314644568
5007,4.459638279464738
5797,23.10905069783989
1124,-48.919488646670715
9714,62.32953921386435
5813,9.128687611817927
4883,26.14066042240925
7210,11.612937141842377
7657,9.618556240892005
6451,20.02587589648283
4500,5.463916470487693
5594,99.27600004086308
7162,6.668102584691585
8181,21.747175439499816
3714,9.111787841231735
8572,56.606711171338425
7745,17.214060577213843
4140,56.61763754060964
1017,4.421998445799794
1732,-62.10876153979976
9729,141.07341248575548
5974,12.493883969009886
4730,14.632589661687714
7614,2.911395500411224
9355,5.627703572451669
6804,33.000905021382295
839,-23.617495652186612
8974,2.85293256806613
7628,1.616937918212102
260,66.3902243548363
6264,10.954383309961408
24,4.750859789860922
9796,147.89900971625673
8331,10.0383392574164
3747,7.550102469390161
8037,-6.743390457932456
3319,1.517462883268891
3288,367.56936120634646
8294,-6.910293167959125
479,14.571945174047876
8312,-1425.866755548895
6681,7.750030743177099
4315,5.5626876817536015
8665,-46.838848974995216
4076,8.711062748302052
2206,147.73845611613046
1189,6.22768714871027
6423,110.8630025827765
9931,-61.97514567354558
4644,40.78858345788747
1426,-2.8169521134147004
924,13.758788497022167
1897,9.355070951303517
3446,10.771753370794798
4761,-582.9589675269793
6407,41.57919098022716
6800,-52.03855069662792
511,39.987445413187544
9424,4.849994383864868
3404,6.186329176686762
5851,20.920224221906025
8169,10.935392452989912
4093,51.75302576282388
1188,13.35604472130327
3729,22.598855410059535
5046,86.67532005625088
4901,14.208349692084791
6542,-7.71743306556921
7924,4269.492745724829
5337,1.0440135046675891
5053,4.268738013984841
3348,9.986909586073871
7122,10.175142631554259
5453,14.120536632164281
984,66.57126726456187
6148,157.62483015856105
1630,25.634846421844387
7646,8.136881983099663
6214,33.239408892391204
8259,-959.4235405809336
9745,202.65024774446772
1270,25.421344291503182
3797,1.4667577033551709
6624,5.546678479164317
5232,0.980952816215563
8648,-5.6645140769886595
7878,7.504738698636768
4837,-36.388008431869125
8108,38.1239337114239
170,51.33693815596701
9664,0.4565665935354559
5169,-0.6900263654788787
2040,4.3674876011896195
880,113.55416083787186
7836,10.026452725928387
6068,-73.23633381369359
8544,21.26233159292372
1253,13.30387587718321
3853,38.49781901619268
3902,11.371320112003069
9919,47.78918449365694
9626,5.264340340801379
5074,6.183532635208113
6663,70.90054291469554
3098,114.03874357528134
6939,2.4617202582501037
7033,-16.235131294974146
6160,5.4521636477406155
4446,235.42218544455017
6562,6.94070903628225
8780,15.600209803929722
899,14.216995670302534
8640,44.62434110986271
2812,5.044811449488506
7130,12.56931229325075
4021,-95.17366460966218
2827,5.972346478205026
6879,-18.197594583782752
9299,6.224378857838698
1899,5.829144787291394
3710,22.81380925343897
3827,4.795275612380973
4913,2.756109087216352
5269,21.922099913698414
4011,16.640896680115514
6142,70.92774480978113
9568,19.799347394864263
2249,7.532529229115241
2565,8.189489619606878
6105,-19.640202155710668
1875,7.992912523742607
2113,25.936252256371613
2634,10.095796350335814
5187,15.617880100794252
6150,14.725500218265214
9215,4.695012637890422
3767,19.62191673684023
4305,-14.331574491571075
7401,-746.9837379133868
3808,-11.966490448168322
5900,3.280787259643887
9173,11.561451396589867
2683,13.470644714267578
5262,-69.28964570926301
8708,14.787170018161486
6927,16.79273736693717
6844,2.5717573671467022
6555,5.359202904824734
8767,28.2540491173262
4985,9.65902931694895
7788,21.850915676130903
8201,6.600841637579023
6549,2.548178331815258
9911,15.191476589228017
1268,49.196462436016795
500,2.327578985440816
728,7.562929658637472
1998,26.510989782840362
767,-6.497125022935492
3676,15.253511500152985
6287,8.297278690533936
7306,23.247168817999395
2263,145.53469881698433
1421,6.58166712967849
2595,3.5168995733640642
4729,7.026667855716774
4298,85.78524582891936
5579,23.455429052811816
2062,-37.23011334311434
3269,3.6768017375967332
4398,1.7881920680526378
1690,3.6365643342530376
9965,3.7921347419897344
8840,5.54901897465415
7080,21.126186670076876
1241,56.80129685336669
7009,4.378766765495392
9069,41.81917637470245
1393,8.079208316110986
8442,-3.4210353345045093
3186,-143.76338858374984
8580,4.458640263621579
4386,9.401365035378035
1180,16.351274862935895
5632,68.09935334750237
692,7.805099040717266
8764,7.799380622062149
3235,3.5177499190404973
3744,-38.58206408958314
834,16.053626433996254
80,-15.061368423588021
9339,4.235367825901125
3588,33.99282373749448
3733,66.67546872170271
5923,-4.602791728962629
6240,4.413237627380731
1973,-27.733452353195638
3096,8.658749769936055
9703,102.08695079025499
7613,40.48568424723585
7131,3.879348167248594
8754,10.345753644289942
9563,1.3064615922570368
727,6.264139053043898
2656,13.607356087536765
5742,-0.32454840121144457
744,0.25521847670254516
4303,16.912268439096202
7453,-1.1694222262517613
4605,4.675423279596437
5948,9.850852982959971
5934,11.805017340844874
4611,49.824314326681886
7067,5.177388841120816
372,1.378115242591008
8482,31.539772131401094
8891,15.05944595152571
8058,10.28121955486866
5678,6.863716363631951
2170,5.201476119502889
2676,4.825969374818033
5945,12.202163344770963
3039,3.6676911535356354
444,2.3667030413895844
2152,22.466202898791188
6647,9.343000047114142
1319,204.8533413326225
5967,-28.218934064282635
2766,2.892921218806528
2016,5.59496470608266
3792,7.367262967449037
7725,12.481063956962398
8066,246.6719677500539
4750,9.946899636852539
2191,18.904186677526862
3990,0.503508150150715
3479,-0.3869104962987109
9686,15.629135610501521
6993,63.49649718564709
5429,4.8923485842410805
7704,25.10249484612794
363,27.668557424182872
1933,21.080630305833964
3521,-11.217140892243314
9827,15.900815656114094
7387,6.211412075565221
2322,43.376507142514505
3706,28.96392713935735
5475,10.296200634556715
9137,3.153103587503672
1240,9.331950692609134
4050,20.6912555414439
7638,14.982803037436167
7367,9.918461705074037
424,4.921453679191899
4232,5.877039307296176
7184,2.664504524241906
3464,14.201556551395441
3525,6.585794430689845
4746,9.437081409796729
26,0.7584969132049579
4767,-47.9935560991146
1483,9.327516716224594
1193,1.6827820833561873
3296,23.33238961360984
5833,12.826093931329513
262,56.475770781860376
6361,6.1167617436572925
118,152.6857968587018
979,-44.95712145698755
1939,16.92413642793606
7510,3.6151166852867007
4655,5.32334601661065
5651,8.182768481852346
2130,-101.84991025652843
6852,5.846183611679731
4647,37.5832201779138
3879,11.805017340844874
3620,11.459545652307277
9681,20.79117546468965
677,17.784996614164903
9218,86.62757348526013
6892,18.218858843747764
2172,-4.330454479491166
9641,2.1031163904599026
8525,10.185860669992813
5014,15.073701142742198
6277,9.35028790445811
4330,6.483824657076969
9112,2.82022660438075
7662,17.129722732601994
148,12.51279895746731
809,13.474224602829661
5246,4.559634478735191
1014,101.8662935948406
6056,67.34508897426198
5307,68.64807100632606
2147,-52.68828865423174
7493,-20.617600046881755
4952,16.633254800737323
1444,3.810702516471693
3134,14.61934522504767
7255,2.5273397865071985
2274,-0.5236588886208793
5856,16.99884363877016
6328,13.0582098422243
7708,46.45146787546046
4383,171.40614522503878
4238,5.715594988336221
7143,4.750859789860922
901,6.775003599797095
8260,-91.13835930516314
9920,20.478651799013097
9068,127.00947609701218
6838,-17.45267897295861
6849,-21.400216790303055
6748,5.843030547910221
2422,7.343137995488515
2293,131.58974458401207
6347,15.624285531611463
4879,23.75129354132539
566,18.78057568522865
7812,135.82988212913762
5971,-3.1600616154581758
7340,14.594600863644601
8546,30.72572776538147
406,6.6818444032864726
7055,5.138297290072565
8909,3.6813704904803757
1752,747.0783674560631
4710,-57.12572087808617
9497,19.151946656097937
5115,3.3638437974530007
9736,14.643142505248463
6674,-75.02107814854077
3810,12.19172729232692
5012,6.866789554225161
572,-417.19759663820537
274,4.0019668188034245
6734,3.038763774544549
3143,8.80375377460065
9003,21.52331761899059
593,6.071546496431537
8693,-230.29776276199135
8220,12.724749599641015
6046,38.81785200557447
6305,-121.28391595555053
3725,-72.70008236193168
6346,5.781394983422363
3901,19.225849039826354
7300,15.540108303636412
6442,15.981201647102914
2243,2.1623200712706137
9217,5.785913196985408
5548,393.9196300761172
7374,24.374905403377603
7591,7.264299047790011
2702,13.027223628725938
7275,0.558769770815239
1366,6.431933406657315
8001,29.92154245434254
5030,49.06660498649239
6921,12.639528251472651
5919,4.991469980631678
6632,-99.7278084771892
63,31.107380912609635
831,23.018639573172067
1883,25.67221592358561
9375,55.98001980727372
5972,412.5078239619353
1094,128.54398189582423
7479,-78.80624856619595
1357,16.75435322881187
1599,3.196016865025726
6335,11.370418706054462
5850,73.42736949932348
2636,6.8466282299559325
2023,-53.97016918585979
5606,33.824719487889695
9773,14.676811457222492
1826,6.2546994400753775
4504,-135.30219059937167
664,16.463211884752347
909,58.50900380356711
194,10.838160562857652
7556,13.257287696688081
1179,7.43822488781608
6537,6.334260525387375
9719,6.839918597578183
8922,-219.4293602697152
5117,38.38409628607655
5354,1.281537929201825
7281,125.93100925197093
9735,7.314118348164374
4654,16.082030072867276
8861,3.8370400797994577
1534,-3.6453430405094664
3159,10.270080310741857
4126,5.451211070853958
2380,0.5248502665402341
7514,2.30902236097954
457,4.509687834652361
2969,72.1671085245822
674,122.29905281132223
8786,11.643906023588592
1995,24.251783407474193
2003,-310.2867983548386
2415,33.26066035572633
7181,7.924621036823993
9484,-5.988092713802438
308,5.846183611679731
8307,-1.2796762195018943
9621,-81.42013287399386
504,22.39906453971792
3931,44.458695869414086
8644,19.04315135631994
5958,-420.7587454667224
4747,5.345165713708397
2920,15.414357374188253
9667,7.144422443719225
4378,5.695253513361244
6049,132.82956148113357
6536,214.83798966303033
3504,6.27243227721209
977,-0.15198692236547373
6338,95.49060127247148
4739,-210.16901555832771
5201,-323.11512916414955
8952,-50.74972882783321
5689,12.028456283527778
7902,-227.8415602173584
1351,15.924687624076181
7588,10.816103681800183
3938,-135.53233992067155
1126,7.287825429048855
3448,13.326377435124094
3745,6.103401464538138
2221,11.421395434469002
8287,0.19041215410867096
5242,3.097701973350702
720,24.47300340420294
4713,0.02081117909033736
3277,67.58069974246143
2635,10.512944445846706
7403,3.7494119884385526
3677,6.481418421258063
7392,330.40919514323355
7811,5.670700016267958
4942,5.651054106365812
1683,-42.5665208210297
609,1.1725790531275422
1565,-8.49348528034843
1727,188.11066915569185
8113,50.367478283772805
7941,-67.94235556601912
8221,6.860921094299449
9411,17.1872626392188
210,4.6107088410361605
3402,17.21391395053181
3421,-74.16504204751921
4645,81.92037153234807
7773,5.303778837649286
1887,6.775292263876494
9955,5.304097207770042
9052,33.449698558210684
7459,-309.2115054101132
6976,321.6493054020671
8654,31.170497164557133
1574,6.90791611272461
7006,-185.46996863153123
9993,10.12272062694106
3390,-2.9973818467588274
9498,52.37225244790698
4570,2.6350952848418103
2149,219.04154133240706
2077,-15.425483208084579
9352,55.026432197650145
5312,101.25664691174589
1473,25.083015607839258
8116,-27.74425442491669
6723,91.37098004320796
6359,189.61407355500245
9732,107.23927092710285
7716,13.26376267167701
580,125.68798807695032
9114,32.80405735807908
2197,3.785243695480766
2525,-186.53014002996952
10,1.443016798086326
7535,24.942749178445332
771,2.232862275812394
9284,2.9758318415186267
3704,17.252586088923845
2844,47.864428797036936
468,10.855339187719625
440,388.0227908290126
3760,-56.50316401308932
9219,4.4877354830194776
2868,2.9044880893504725
7783,-4.487955591078794
1830,39.350764604107134
14,232.214015500308
7214,7.240336609351274
1308,2.8348280642544736
5177,3.815287283650136
2226,-3.9135274813657475
9609,24.120601435935143
3043,10.232494656066823
9940,17.168561541712574
8835,11.83351031807241
3245,52.37225244790698
6230,34.79518268444935
1753,-0.20246241021887812
2102,90.42848515834396
5304,0.2220918233692828
6486,-50.8065278167652
354,28.157920610731402
1787,6.025755312573846
6487,39.72689171021096
5465,7.596653265137412
7695,8.550819463127105
6950,19.001188915939533
5514,0.9019296811624145
8817,-24.386493117881365
4706,-64.98471645107833
